"Index","X7.Hi.Prior","ValueHi30","SizeLo30","Mkt"
1927-01-31,0,0.0433,0.0121,0.0019
1927-02-28,0.04,0.0814,0.0641,0.0444
1927-03-31,0.02,-0.0264,-0.0196,0.0043
1927-04-30,0.02,0.0041,0.038,0.0071
1927-05-31,0.06,0.0892,0.0941,0.0574
1927-06-30,-0.02,-0.0222,-0.0234,-0.0208
1927-07-31,0.09,0.0672,0.048,0.0756
1927-08-31,0.03,-0.0151,-0.0036,0.0225
1927-09-30,0.06,0.0505,0.0092,0.0497
1927-10-31,-0.05,-0.065,-0.0446,-0.0406
1927-11-30,0.08,0.072,0.1282,0.0679
1927-12-31,0.03,0.0331,0.0215,0.0231
1928-01-31,-0.01,-0.0136,0.0514,-0.0043
1928-02-29,-0.02,-0.0297,-0.0258,-0.0137
1928-03-31,0.12,0.081,0.0741,0.091
1928-04-30,0.02,0.0543,0.1125,0.0445
1928-05-31,0.03,0.0098,0.0669,0.0184
1928-06-30,-0.05,-0.0567,-0.0895,-0.0454
1928-07-31,0.01,0.0051,-0.0056,0.0094
1928-08-31,0.09,0.0624,0.03,0.07
1928-09-30,0.05,0.0485,0.0474,0.0315
1928-10-31,0.04,0.0193,0.0237,0.0174
1928-11-30,0.15,0.1296,0.1191,0.1219
1928-12-31,0.02,0.0089,-0.0205,0.0042
1929-01-31,0.04,0.0239,0.0182,0.05
1929-02-28,0.01,0.0259,0.006,2e-04
1929-03-31,-0.01,-0.0086,-0.0352,-0.0055
1929-04-30,0.03,0.024,-0.0053,0.0179
1929-05-31,-0.06,-0.0741,-0.1449,-0.0595
1929-06-30,0.13,0.0731,0.0669,0.1022
1929-07-31,0.06,0.0479,-0.001,0.0479
1929-08-31,0.11,0.0588,-0.0055,0.0858
1929-09-30,-0.05,-0.0595,-0.0552,-0.0512
1929-10-31,-0.17,-0.117,-0.22,-0.1966
1929-11-30,-0.12,-0.0826,-0.138,-0.1237
1929-12-31,0.01,0.0093,-0.0637,0.017
1930-01-31,0.05,0.0358,0.1306,0.0575
1930-02-28,0.02,0.0162,0.0264,0.028
1930-03-31,0.07,0.0605,0.1207,0.0745
1930-04-30,-0.02,-0.0623,-0.037,-0.0185
1930-05-31,-0.02,-0.0158,-0.0549,-0.014
1930-06-30,-0.14,-0.1281,-0.1947,-0.16
1930-07-31,0.04,0.0468,0.0268,0.0432
1930-08-31,0.01,-0.0181,-0.0331,0.0039
1930-09-30,-0.11,-0.1752,-0.1943,-0.1253
1930-10-31,-0.07,-0.1133,-0.1079,-0.0869
1930-11-30,-0.02,-0.0578,-0.0333,-0.0291
1930-12-31,-0.05,-0.1134,-0.1703,-0.0769
1931-01-31,0.05,0.1396,0.1723,0.0639
1931-02-28,0.09,0.1316,0.1858,0.1092
1931-03-31,-0.05,-0.0848,-0.0546,-0.063
1931-04-30,-0.08,-0.1281,-0.1692,-0.099
1931-05-31,-0.12,-0.1907,-0.1196,-0.1315
1931-06-30,0.12,0.2421,0.1624,0.1398
1931-07-31,-0.05,-0.1011,-0.0607,-0.0656
1931-08-31,-0.01,-0.0125,-0.0434,0.0044
1931-09-30,-0.28,-0.3468,-0.3167,-0.291
1931-10-31,0.1,0.096,0.0561,0.0814
1931-11-30,-0.06,-0.1287,-0.0891,-0.0891
1931-12-31,-0.1,-0.2127,-0.2088,-0.1341
1932-01-31,-0.02,0.0794,0.0679,-0.0135
1932-02-29,0.05,0.0071,0.0353,0.0569
1932-03-31,-0.09,-0.1331,-0.1254,-0.1105
1932-04-30,-0.17,-0.1763,-0.1905,-0.1785
1932-05-31,-0.16,-0.2256,-0.1645,-0.2045
1932-06-30,0.01,0.0585,-0.023,-0.0068
1932-07-31,0.25,0.6679,0.5066,0.3387
1932-08-31,0.25,0.6704,0.8287,0.3709
1932-09-30,-0.03,-0.0677,-0.1246,-0.0291
1932-10-31,-0.1,-0.2337,-0.2051,-0.1315
1932-11-30,-0.1,-0.1568,-0.1045,-0.0586
1932-12-31,0.05,-0.0525,-0.1031,0.0441
1933-01-31,0.01,0.0858,0.0129,0.0126
1933-02-28,-0.15,-0.1811,-0.1962,-0.1527
1933-03-31,0.04,0.0863,0.1341,0.0333
1933-04-30,0.31,0.5729,0.5065,0.3895
1933-05-31,0.21,0.4841,0.8387,0.2147
1933-06-30,0.16,0.2112,0.2751,0.1313
1933-07-31,-0.1,-0.0893,-0.0542,-0.0961
1933-08-31,0.19,0.1727,0.0536,0.1208
1933-09-30,-0.11,-0.196,-0.1727,-0.1063
1933-10-31,-0.09,-0.1721,-0.1262,-0.0835
1933-11-30,0.12,0.1176,0.0373,0.0999
1933-12-31,0.05,0.0296,0.0259,0.0185
1934-01-31,0.12,0.26,0.3651,0.1265
1934-02-28,-0.03,-0.0249,0.0544,-0.0248
1934-03-31,0.02,-0.0053,0.0165,0.0011
1934-04-30,-0.05,-0.0418,0.0148,-0.0178
1934-05-31,-0.09,-0.1328,-0.1207,-0.0724
1934-06-30,0.02,0.0202,-0.018,0.0265
1934-07-31,-0.08,-0.2336,-0.2404,-0.1095
1934-08-31,0.06,0.0664,0.1279,0.0559
1934-09-30,0,-0.006,-0.0283,-0.0022
1934-10-31,0.01,-0.0693,-0.0163,-0.0165
1934-11-30,0.11,0.1092,0.152,0.0834
1934-12-31,0.01,-0.0168,0.0313,0.0037
1935-01-31,-0.02,-0.0838,-0.0414,-0.0344
1935-02-28,0.02,-0.1187,-0.0724,-0.0192
1935-03-31,-0.03,-0.0834,-0.1159,-0.0367
1935-04-30,0.08,0.126,0.1083,0.0907
1935-05-31,0.03,0.036,0.013,0.0348
1935-06-30,0.06,0.0695,0.0226,0.0594
1935-07-31,0.07,0.1649,0.1444,0.0752
1935-08-31,0.03,0.0523,0.1372,0.0266
1935-09-30,0.05,0.0103,0.0198,0.0264
1935-10-31,0.09,0.0615,0.1027,0.0704
1935-11-30,0.05,0.1524,0.2165,0.049
1935-12-31,0.05,0.0768,0.051,0.0457
1936-01-31,0.08,0.1374,0.2103,0.069
1936-02-29,0.03,0.0705,0.0689,0.025
1936-03-31,0.03,-0.0072,0.0156,0.0101
1936-04-30,-0.12,-0.1109,-0.1703,-0.0812
1936-05-31,0.07,0.0688,0.0456,0.0521
1936-06-30,0.02,3e-04,-0.0167,0.0243
1936-07-31,0.1,0.1194,0.0762,0.0668
1936-08-31,0,0.0434,0.0108,0.0101
1936-09-30,0.02,0.0081,0.0434,0.0099
1936-10-31,0.09,0.0845,0.0665,0.0714
1936-11-30,0.03,0.007,0.1203,0.0328
1936-12-31,0.02,0.0174,0.0342,0.0021
1937-01-31,0.03,0.067,0.1146,0.0336
1937-02-28,0.03,0.0684,0.0468,0.0111
1937-03-31,0.03,0.0565,0.0022,-0.0026
1937-04-30,-0.1,-0.1105,-0.1387,-0.0733
1937-05-31,-0.01,-0.031,-0.0364,-0.0077
1937-06-30,-0.05,-0.0776,-0.107,-0.0418
1937-07-31,0.1,0.1096,0.1049,0.0894
1937-08-31,-0.06,-0.076,-0.0559,-0.0484
1937-09-30,-0.19,-0.1956,-0.2275,-0.1357
1937-10-31,-0.11,-0.1407,-0.1048,-0.0959
1937-11-30,-0.09,-0.0844,-0.1335,-0.0829
1937-12-31,-0.02,-0.0716,-0.1414,-0.0424
1938-01-31,0,-0.0033,0.0616,0.0049
1938-02-28,0.06,0.059,0.0465,0.0584
1938-03-31,-0.23,-0.3031,-0.3019,-0.2383
1938-04-30,0.14,0.1619,0.2101,0.1452
1938-05-31,-0.04,-0.0601,-0.0753,-0.0383
1938-06-30,0.22,0.2983,0.2855,0.2387
1938-07-31,0.07,0.1012,0.1569,0.0733
1938-08-31,-0.02,-0.0581,-0.088,-0.0267
1938-09-30,0.01,-0.0124,-0.0323,0.0083
1938-10-31,0.07,0.1458,0.1833,0.0781
1938-11-30,-0.01,-0.0332,-0.0552,-0.0178
1938-12-31,0.05,0.078,0.0122,0.0419
1939-01-31,-0.07,-0.109,-0.094,-0.0597
1939-02-28,0.05,0.0681,0.041,0.0352
1939-03-31,-0.13,-0.2157,-0.2094,-0.12
1939-04-30,0,-0.025,0.0129,-0.0018
1939-05-31,0.08,0.0936,0.0858,0.0681
1939-06-30,-0.05,-0.1128,-0.0944,-0.053
1939-07-31,0.1,0.1372,0.1338,0.1024
1939-08-31,-0.06,-0.112,-0.131,-0.0669
1939-09-30,0.1,0.4323,0.565,0.1689
1939-10-31,0.02,-0.0443,-0.0506,-0.0053
1939-11-30,-0.04,-0.1035,-0.1317,-0.0362
1939-12-31,0.05,0.009,-5e-04,0.0303
1940-01-31,-0.01,-0.0472,-0.0267,-0.0241
1940-02-29,0.02,0.018,0.049,0.0144
1940-03-31,0.02,0.0226,0.0341,0.0205
1940-04-30,0.02,0.0098,0.0548,0.0022
1940-05-31,-0.24,-0.2625,-0.3075,-0.2197
1940-06-30,0.06,0.1017,0.0557,0.0667
1940-07-31,0.03,0.033,0.0269,0.0317
1940-08-31,0.02,0.0325,0.0299,0.0218
1940-09-30,0.02,0.0167,0.0414,0.0239
1940-10-31,0.02,0.0782,0.0548,0.0302
1940-11-30,-0.02,-0.0057,0.0052,-0.0161
1940-12-31,0.01,-0.0018,-0.0258,0.0069
1941-01-31,-0.05,-0.0134,-0.0087,-0.0418
1941-02-28,-0.01,-0.0076,-0.0202,-0.0144
1941-03-31,0.01,0.0344,0.0294,0.0085
1941-04-30,-0.05,-0.025,-0.0577,-0.0547
1941-05-31,0.01,0.0225,0.0152,0.0139
1941-06-30,0.05,0.0378,0.0756,0.0583
1941-07-31,0.09,0.1133,0.1622,0.059
1941-08-31,-0.01,-0.0198,-0.0036,-0.0016
1941-09-30,-0.02,-0.0171,-0.0302,-0.0086
1941-10-31,-0.02,-0.0318,-0.055,-0.0525
1941-11-30,0.01,-0.0188,-0.0502,-0.0192
1941-12-31,-0.06,-0.0984,-0.1148,-0.0486
1942-01-31,0,0.112,0.1545,0.0081
1942-02-28,-0.03,-0.0225,-0.0208,-0.0245
1942-03-31,-0.06,-0.0605,-0.0512,-0.0657
1942-04-30,-0.05,-0.0299,-0.0433,-0.0436
1942-05-31,0.03,0.008,0.0105,0.0597
1942-06-30,0.02,0.0272,0.014,0.0271
1942-07-31,0.05,0.0713,0.0462,0.0354
1942-08-31,0.02,0.0385,0.0321,0.0183
1942-09-30,0.03,0.04,0.0579,0.0264
1942-10-31,0.07,0.1246,0.1177,0.0685
1942-11-30,-0.01,-0.0434,-0.0229,0.0018
1942-12-31,0.07,0.054,0.0204,0.0515
1943-01-31,0.08,0.1206,0.221,0.0716
1943-02-28,0.07,0.1236,0.1749,0.0618
1943-03-31,0.09,0.1183,0.152,0.0604
1943-04-30,0.05,0.0364,0.0674,0.0084
1943-05-31,0.09,0.0841,0.127,0.0577
1943-06-30,0.01,9e-04,8e-04,0.0185
1943-07-31,-0.08,-0.0598,-0.0775,-0.0474
1943-08-31,0.01,0.0029,-0.007,0.0133
1943-09-30,0.04,0.0303,0.0413,0.0243
1943-10-31,-0.01,0.0045,-0.0032,-0.0112
1943-11-30,-0.1,-0.0951,-0.1033,-0.0588
1943-12-31,0.12,0.0802,0.1114,0.0639
1944-01-31,0.03,0.0495,0.0594,0.0177
1944-02-29,0,0.0213,0.0222,0.004
1944-03-31,0.05,0.041,0.058,0.0248
1944-04-30,-0.02,-0.0198,-0.0359,-0.0166
1944-05-31,0.06,0.0572,0.0704,0.051
1944-06-30,0.05,0.0791,0.129,0.0552
1944-07-31,-0.02,-0.0093,-0.0164,-0.0146
1944-08-31,0.05,0.0125,0.0314,0.016
1944-09-30,-0.01,-0.0025,0.0041,3e-04
1944-10-31,-0.02,-0.0014,0.0041,0.0019
1944-11-30,0.03,0.0324,0.0335,0.0174
1944-12-31,0.09,0.0983,0.0798,0.0405
1945-01-31,0.03,0.0352,0.0568,0.0204
1945-02-28,0.09,0.1007,0.0926,0.0625
1945-03-31,-0.06,-0.0496,-0.0708,-0.0387
1945-04-30,0.11,0.1073,0.0879,0.0783
1945-05-31,0.02,0.018,0.0398,0.0176
1945-06-30,0.05,0.0399,0.0613,0.0041
1945-07-31,-0.05,-0.0462,-0.0381,-0.0214
1945-08-31,0.05,0.0295,0.0659,0.0623
1945-09-30,0.07,0.0582,0.066,0.048
1945-10-31,0.05,0.0574,0.08,0.0392
1945-11-30,0.1,0.0965,0.1146,0.0541
1945-12-31,0.03,-0.0018,0.0317,0.0123
1946-01-31,0.09,0.0844,0.1257,0.0627
1946-02-28,-0.07,-0.0735,-0.0703,-0.058
1946-03-31,0.08,0.0524,0.0383,0.059
1946-04-30,0.05,0.0318,0.0708,0.0426
1946-05-31,0.04,0.0626,0.0526,0.0396
1946-06-30,-0.05,-0.0443,-0.054,-0.0386
1946-07-31,-0.03,-0.0272,-0.0552,-0.0266
1946-08-31,-0.07,-0.0637,-0.0862,-0.0641
1946-09-30,-0.11,-0.123,-0.1541,-0.1014
1946-10-31,-0.01,0.005,-0.0174,-0.0141
1946-11-30,0,1e-04,-0.0063,2e-04
1946-12-31,0.05,0.04,0.039,0.0499
1947-01-31,-0.01,0.0212,0.043,0.0128
1947-02-28,-0.01,-0.0148,0.0018,-0.0105
1947-03-31,-0.01,-0.0164,-0.0413,-0.0164
1947-04-30,-0.04,-0.0507,-0.087,-0.0477
1947-05-31,-0.01,-0.0225,-0.0516,-0.0094
1947-06-30,0.05,0.0458,0.0536,0.0532
1947-07-31,0.04,0.073,0.0783,0.0417
1947-08-31,-0.01,-0.0206,-0.0239,-0.0171
1947-09-30,-0.01,0.0021,0.014,-0.0048
1947-10-31,0.03,0.0299,0.0403,0.0253
1947-11-30,-0.01,-0.019,-0.0356,-0.0191
1947-12-31,0.04,0.0604,0.0168,0.0308
1948-01-31,-0.05,-0.029,-0.0112,-0.0386
1948-02-29,-0.04,-0.0485,-0.0686,-0.0431
1948-03-31,0.09,0.1117,0.0973,0.0816
1948-04-30,0.06,0.0675,0.041,0.0373
1948-05-31,0.08,0.0779,0.0921,0.0738
1948-06-30,0.01,0.0151,-0.0059,-1e-04
1948-07-31,-0.06,-0.0449,-0.0568,-0.0501
1948-08-31,0,0.0047,-0.0104,0.0034
1948-09-30,-0.04,-0.0395,-0.045,-0.0293
1948-10-31,0.07,0.0616,0.0533,0.06
1948-11-30,-0.1,-0.1333,-0.1165,-0.0926
1948-12-31,0.04,0.0204,-0.0022,0.033
1949-01-31,-0.01,0.0153,0.0276,0.0033
1949-02-28,-0.03,-0.0423,-0.0489,-0.0284
1949-03-31,0.05,0.0542,0.0666,0.0414
1949-04-30,-0.01,-0.0271,-0.0271,-0.0178
1949-05-31,-0.02,-0.0529,-0.0581,-0.0284
1949-06-30,0,-0.0229,-0.013,0.002
1949-07-31,0.05,0.0659,0.0593,0.0563
1949-08-31,0.03,0.0269,0.0221,0.0269
1949-09-30,0.03,0.0432,0.0436,0.0318
1949-10-31,0.03,0.0343,0.052,0.0323
1949-11-30,0.03,0.012,-0.0029,0.019
1949-12-31,0.06,0.0733,0.0812,0.0522
1950-01-31,0.02,0.0389,0.0526,0.0179
1950-02-28,0.02,0.0097,0.0261,0.0157
1950-03-31,0.01,0.0025,-0.0087,0.0136
1950-04-30,0.05,0.0573,0.0592,0.0403
1950-05-31,0.04,0.0392,0.0232,0.0441
1950-06-30,-0.06,-0.0576,-0.0925,-0.0584
1950-07-31,0.01,0.128,0.0783,0.0146
1950-08-31,0.07,0.0305,0.0474,0.0495
1950-09-30,0.05,0.0464,0.0456,0.0491
1950-10-31,0.01,0.0166,-0.0054,-6e-04
1950-11-30,0.03,0.0434,0.035,0.0287
1950-12-31,0.07,0.1094,0.1163,0.0565
1951-01-31,0.07,0.0905,0.0874,0.0583
1951-02-28,0,-0.0133,0.0056,0.0151
1951-03-31,-0.03,-0.051,-0.0494,-0.0204
1951-04-30,0.08,0.0671,0.041,0.0499
1951-05-31,-0.03,-0.035,-0.0348,-0.0222
1951-06-30,-0.03,-0.0687,-0.066,-0.025
1951-07-31,0.11,0.0863,0.0564,0.0707
1951-08-31,0.04,0.0509,0.0548,0.044
1951-09-30,0.01,0.017,0.0322,0.0082
1951-10-31,-0.03,-0.0218,-0.0243,-0.0237
1951-11-30,0.01,0.0079,7e-04,0.0068
1951-12-31,0.04,0.0097,0.0035,0.0345
1952-01-31,0.02,0.0358,0.0166,0.016
1952-02-29,-0.03,-0.0286,-0.0253,-0.025
1952-03-31,0.05,0.06,0.0244,0.0455
1952-04-30,-0.06,-0.0502,-0.0482,-0.0485
1952-05-31,0.03,0.0341,0.0176,0.0333
1952-06-30,0.05,0.0431,0.0304,0.0398
1952-07-31,0.01,0.0131,0.0111,0.0106
1952-08-31,0,-0.0076,0.0042,-0.0061
1952-09-30,-0.01,-0.0242,-0.0137,-0.0187
1952-10-31,0,-0.0076,-0.0119,-0.0052
1952-11-30,0.06,0.0739,0.0515,0.0604
1952-12-31,0.04,0.0341,0.0218,0.0309
1953-01-31,0,0.0194,0.0398,-0.0018
1953-02-28,0,-0.0038,0.0208,-0.0013
1953-03-31,-0.02,-0.0257,-0.017,-0.0125
1953-04-30,-0.02,-0.0174,-0.0207,-0.0267
1953-05-31,0.01,0.0121,0.0077,0.0069
1953-06-30,-0.02,-0.0219,-0.0402,-0.0171
1953-07-31,0.02,0.0173,0.0129,0.0255
1953-08-31,-0.04,-0.0785,-0.0598,-0.0435
1953-09-30,0.01,-0.019,-0.0227,0.0036
1953-10-31,0.04,0.0438,0.0276,0.0473
1953-11-30,0.04,0.0263,0.0204,0.0291
1953-12-31,0.01,-0.025,-0.0254,0.0016
1954-01-31,0.04,0.0811,0.0756,0.0524
1954-02-28,0.02,0.0087,0.0098,0.0174
1954-03-31,0.05,0.0189,0.0287,0.0373
1954-04-30,0.06,0.0306,0.0064,0.0436
1954-05-31,0.03,0.0645,0.0386,0.0314
1954-06-30,0.01,0.0104,0.011,0.0113
1954-07-31,0.05,0.0909,0.0888,0.0504
1954-08-31,-0.03,-0.0417,0.002,-0.0229
1954-09-30,0.07,0.0611,0.0403,0.0648
1954-10-31,-0.01,0.0012,-0.0039,-0.016
1954-11-30,0.11,0.1435,0.0846,0.0944
1954-12-31,0.06,0.1166,0.1082,0.0556
1955-01-31,0.02,0.0336,0.0216,0.0068
1955-02-28,0.03,0.0367,0.0538,0.0311
1955-03-31,0.01,0.0197,-0.0013,-6e-04
1955-04-30,0.03,0.0401,0.0251,0.0321
1955-05-31,0.02,0.0021,0.0049,0.0107
1955-06-30,0.09,0.077,0.0381,0.0665
1955-07-31,0.02,0.0061,0.0162,0.02
1955-08-31,0.01,0.0116,0.0022,0.0037
1955-09-30,0.01,-0.0184,-0.003,-0.002
1955-10-31,-0.03,-0.028,-0.0136,-0.025
1955-11-30,0.08,0.0863,0.0419,0.072
1955-12-31,0.01,-0.0068,0.0223,0.0167
1956-01-31,-0.04,-0.022,-0.0105,-0.0281
1956-02-29,0.05,0.0319,0.0316,0.0396
1956-03-31,0.08,0.0518,0.0461,0.0679
1956-04-30,0.01,0.0064,0.0079,0.0047
1956-05-31,-0.06,-0.0611,-0.0447,-0.0497
1956-06-30,0.05,0.0164,0.0138,0.0368
1956-07-31,0.06,0.0471,0.036,0.0506
1956-08-31,-0.04,-0.0282,-0.0118,-0.0301
1956-09-30,-0.06,-0.0332,-0.0251,-0.0496
1956-10-31,0.01,0.0119,0.007,0.0077
1956-11-30,0.02,0.0136,0.0035,0.0056
1956-12-31,0.05,0.0193,0.0186,0.034
1957-01-31,-0.04,-0.0109,0.0203,-0.0331
1957-02-28,-0.02,-0.0307,-0.0233,-0.0182
1957-03-31,0.02,0.0184,0.0167,0.0236
1957-04-30,0.05,0.0274,0.0229,0.0451
1957-05-31,0.04,0.0168,0.0132,0.0371
1957-06-30,0,-0.0039,0.0043,-0.005
1957-07-31,0,0.0092,0.0078,0.0096
1957-08-31,-0.06,-0.0584,-0.0429,-0.0486
1957-09-30,-0.06,-0.062,-0.0468,-0.0572
1957-10-31,-0.04,-0.0754,-0.075,-0.0403
1957-11-30,0.04,-0.0013,0.0037,0.0258
1957-12-31,-0.02,-0.0592,-0.0494,-0.0367
1958-01-31,0.03,0.1207,0.1201,0.0494
1958-02-28,-0.01,-0.0189,-0.0108,-0.014
1958-03-31,0.03,0.0332,0.038,0.0336
1958-04-30,0.03,0.0499,0.0372,0.0317
1958-05-31,0.02,0.0381,0.0394,0.0242
1958-06-30,0.03,0.0308,0.0338,0.0296
1958-07-31,0.02,0.0758,0.0551,0.0446
1958-08-31,0.02,0.034,0.0327,0.0195
1958-09-30,0.05,0.0816,0.0548,0.0485
1958-10-31,0.05,0.0386,0.0322,0.0271
1958-11-30,0.05,0.0431,0.0558,0.0312
1958-12-31,0.05,0.039,0.0328,0.0537
1959-01-31,0.01,0.0453,0.0665,0.0092
1959-02-28,0.02,0.024,0.0353,0.0114
1959-03-31,0.01,0.0036,0.0248,0.005
1959-04-30,0.06,0.0347,0.0197,0.0386
1959-05-31,0.03,0.0308,0.0034,0.0195
1959-06-30,0.02,0.0208,0.0031,0
1959-07-31,0.02,0.0321,0.0295,0.0342
1959-08-31,-0.02,-0.0074,-0.0102,-0.012
1959-09-30,-0.05,-0.0507,-0.0436,-0.0449
1959-10-31,0.04,0.0038,0.0174,0.0158
1959-11-30,0.04,-4e-04,0.007,0.0186
1959-12-31,0.03,0.0372,0.0296,0.0279
1960-01-31,-0.08,-0.0502,-0.0245,-0.0665
1960-02-29,0.03,-0.0079,0.0106,0.0146
1960-03-31,-0.01,-0.0476,-0.0291,-0.0128
1960-04-30,-0.01,-0.0312,-0.0216,-0.0152
1960-05-31,0.06,0.0029,0.0195,0.0339
1960-06-30,0.03,0.0255,0.0203,0.0232
1960-07-31,-0.03,-0.0131,-0.0198,-0.0224
1960-08-31,0.04,0.0274,0.0379,0.0318
1960-09-30,-0.07,-0.0537,-0.0597,-0.0583
1960-10-31,0,0.0011,-0.0313,-0.0049
1960-11-30,0.06,0.0382,0.0336,0.0482
1960-12-31,0.06,0.0349,0.0359,0.0487
1961-01-31,0.05,0.0995,0.0867,0.0639
1961-02-28,0.04,0.0402,0.0712,0.0371
1961-03-31,0.04,0.0292,0.0725,0.0309
1961-04-30,0.02,0.0245,0.0199,0.0046
1961-05-31,0.02,0.0324,0.0422,0.0258
1961-06-30,-0.03,-0.0351,-0.051,-0.0288
1961-07-31,0.03,0.0114,0.0041,0.0301
1961-08-31,0.04,0.0207,0.0082,0.0271
1961-09-30,-0.02,-0.0367,-0.036,-0.0198
1961-10-31,0.04,0.0256,0.0182,0.0276
1961-11-30,0.05,0.0434,0.058,0.046
1961-12-31,-0.02,0.0151,-0.0025,1e-04
1962-01-31,-0.05,0.0072,0.0139,-0.0363
1962-02-28,0.02,0.0235,0.0149,0.0201
1962-03-31,-0.01,-0.0187,-0.0027,-0.0048
1962-04-30,-0.06,-0.0625,-0.0712,-0.0637
1962-05-31,-0.09,-0.0688,-0.0999,-0.0841
1962-06-30,-0.07,-0.0673,-0.0827,-0.0827
1962-07-31,0.06,0.0416,0.075,0.0655
1962-08-31,0.03,0.0245,0.0329,0.0236
1962-09-30,-0.03,-0.0476,-0.0702,-0.0501
1962-10-31,0,-0.0015,-0.0335,0.002
1962-11-30,0.09,0.1395,0.1468,0.1107
1962-12-31,0.03,0.0023,-0.0204,0.0124
1963-01-31,0.05,0.0771,0.1017,0.0518
1963-02-28,-0.02,-0.0076,-0.0077,-0.0215
1963-03-31,0.04,0.0465,0.0194,0.0331
1963-04-30,0.05,0.0559,0.0424,0.0476
1963-05-31,0.02,0.04,0.0425,0.02
1963-06-30,-0.01,-0.0069,-0.0138,-0.0177
1963-07-31,0,-0.015,-0.0084,-0.0012
1963-08-31,0.06,0.0704,0.0362,0.0532
1963-09-30,-0.02,-0.0184,-0.0127,-0.013
1963-10-31,0.04,0.0221,0.0133,0.0282
1963-11-30,-0.01,0.0036,-0.015,-0.0058
1963-12-31,0.02,0.0159,-0.01,0.0212
1964-01-31,0.03,0.0296,0.0354,0.0254
1964-02-29,0.02,0.0443,0.026,0.018
1964-03-31,0.02,0.0346,0.0297,0.0172
1964-04-30,0,-0.0084,-0.0048,0.0039
1964-05-31,0.03,0.0368,0.0102,0.0168
1964-06-30,0.01,0.0235,0.0115,0.0157
1964-07-31,0.01,0.0231,0.0332,0.0204
1964-08-31,-0.01,-0.0128,-0.0063,-0.0116
1964-09-30,0.04,0.0512,0.0394,0.0297
1964-10-31,0.01,0.0152,0.0185,0.0088
1964-11-30,0,-0.0288,0.0033,0.0029
1964-12-31,0,-0.0193,-0.0159,0.0034
1965-01-31,0.03,0.0504,0.0714,0.0382
1965-02-28,0.01,0.0114,0.0321,0.0074
1965-03-31,-0.01,0.0063,0.019,-0.0098
1965-04-30,0.05,0.034,0.043,0.0342
1965-05-31,-0.01,-0.0204,-0.0093,-0.0046
1965-06-30,-0.08,-0.0562,-0.0939,-0.0516
1965-07-31,0.05,0.0416,0.0313,0.0174
1965-08-31,0.05,0.0314,0.0421,0.0306
1965-09-30,0.05,0.0368,0.0267,0.0317
1965-10-31,0.05,0.0583,0.0684,0.0291
1965-11-30,0.03,0.0102,0.0486,0.0032
1965-12-31,0.02,0.0429,0.0454,0.0134
1966-01-31,0.05,0.0498,0.0739,0.011
1966-02-28,0.02,0.0048,0.0443,-0.0086
1966-03-31,-0.01,-0.0348,-0.0144,-0.0213
1966-04-30,0.05,0.027,0.0686,0.0248
1966-05-31,-0.08,-0.0805,-0.1092,-0.0525
1966-06-30,0.01,-0.0014,0.0036,-0.0106
1966-07-31,-0.01,-0.0109,-0.0168,-0.0128
1966-08-31,-0.09,-0.0803,-0.1092,-0.075
1966-09-30,-0.03,-0.0068,-0.0194,-0.0066
1966-10-31,0,0.0419,-0.0288,0.0431
1966-11-30,0.06,1e-04,0.0435,0.018
1966-12-31,0.01,0.0012,0.0207,0.0053
1967-01-31,0.07,0.1341,0.1884,0.0858
1967-02-28,0.02,-0.0013,0.0492,0.0114
1967-03-31,0.05,0.0515,0.0681,0.0438
1967-04-30,0.04,0.0318,0.0435,0.0421
1967-05-31,-0.04,-0.0244,-0.0082,-0.04
1967-06-30,0.05,0.0522,0.1074,0.0268
1967-07-31,0.06,0.0806,0.0943,0.0489
1967-08-31,-0.01,0.0099,0.006,-0.0058
1967-09-30,0.04,0.0206,0.0742,0.0343
1967-10-31,0,-0.0497,-0.0229,-0.027
1967-11-30,0.02,-0.0038,4e-04,0.0073
1967-12-31,0.05,0.0524,0.1042,0.0338
1968-01-31,-0.06,-7e-04,0.0256,-0.0366
1968-02-29,-0.05,-0.0384,-0.0653,-0.0336
1968-03-31,0.02,0.0012,-0.0119,0.0058
1968-04-30,0.14,0.1239,0.1639,0.0948
1968-05-31,0.05,0.0616,0.1125,0.0273
1968-06-30,0,0.0021,0.0045,0.0112
1968-07-31,-0.04,0.004,-0.0261,-0.0224
1968-08-31,0.03,0.0274,0.043,0.0176
1968-09-30,0.05,0.0501,0.0706,0.0446
1968-10-31,0,0.0295,0.0048,0.0086
1968-11-30,0.07,0.0564,0.0755,0.0585
1968-12-31,-0.03,-0.0309,0.0131,-0.0351
1969-01-31,-0.01,0.0031,-0.0061,-0.0072
1969-02-28,-0.08,-0.0538,-0.0963,-0.0538
1969-03-31,0.05,0.029,0.0294,0.031
1969-04-30,0.03,0.0267,0.0093,0.0199
1969-05-31,0.01,0.0079,0.0088,0.0038
1969-06-30,-0.08,-0.0742,-0.1295,-0.0667
1969-07-31,-0.07,-0.0614,-0.109,-0.0647
1969-08-31,0.06,0.0274,0.0517,0.0518
1969-09-30,-0.02,-0.0455,-0.0253,-0.0236
1969-10-31,0.05,0.0413,0.0988,0.0566
1969-11-30,-0.02,-0.0383,-0.0613,-0.0327
1969-12-31,-0.01,-0.0458,-0.0751,-0.0199
1970-01-31,-0.07,-0.0533,-0.0419,-0.075
1970-02-28,0.06,0.0787,0.0339,0.0575
1970-03-31,0,0.0101,-0.0339,-0.0049
1970-04-30,-0.1,-0.0786,-0.1781,-0.105
1970-05-31,-0.07,-0.0457,-0.0949,-0.0639
1970-06-30,-0.05,-0.0669,-0.0819,-0.0521
1970-07-31,0.06,0.0771,0.057,0.0745
1970-08-31,0.04,0.0598,0.0689,0.0502
1970-09-30,0.02,0.0461,0.1519,0.0472
1970-10-31,-0.01,-0.0304,-0.0747,-0.0182
1970-11-30,0.05,0.0577,-0.0056,0.0505
1970-12-31,0.06,0.0634,0.0877,0.0614
1971-01-31,0.04,0.063,0.1436,0.0522
1971-02-28,0.02,0.0203,0.0459,0.0174
1971-03-31,0.04,0.0243,0.0576,0.0443
1971-04-30,0.05,0.0488,0.0251,0.0343
1971-05-31,-0.04,-0.0464,-0.0574,-0.0369
1971-06-30,0.01,-0.0043,-0.0223,0.0027
1971-07-31,-0.06,-0.0513,-0.0625,-0.041
1971-08-31,0.06,0.0809,0.0452,0.0426
1971-09-30,0,-0.0242,-0.0055,-0.0048
1971-10-31,-0.05,-0.0493,-0.0621,-0.0405
1971-11-30,0,-0.0195,-0.0441,-9e-04
1971-12-31,0.09,0.1022,0.131,0.0908
1972-01-31,0.03,0.0653,0.113,0.0278
1972-02-29,0.05,0.0149,0.0397,0.0312
1972-03-31,0.02,0.0046,-0.0026,0.009
1972-04-30,0.01,0.0094,0.0066,0.0058
1972-05-31,0.03,-0.017,-0.0273,0.0155
1972-06-30,-0.01,-0.0549,-0.0322,-0.0214
1972-07-31,0,-0.0124,-0.0402,-0.0049
1972-08-31,0.01,0.0663,6e-04,0.0355
1972-09-30,-0.01,-0.0027,-0.0398,-0.008
1972-10-31,0.01,0.0127,-0.0213,0.0092
1972-11-30,0.03,0.0926,0.0511,0.0497
1972-12-31,0.03,-0.008,-0.0236,0.0099
1973-01-31,-0.01,-0.0171,-0.0422,-0.0285
1973-02-28,-0.04,-0.0499,-0.0838,-0.0444
1973-03-31,-0.01,0.0093,-0.0253,-0.0083
1973-04-30,-0.04,-0.0184,-0.0725,-0.0516
1973-05-31,-0.01,-0.0379,-0.0895,-0.0243
1973-06-30,0,-0.0107,-0.0318,-0.0105
1973-07-31,0.04,0.0588,0.1263,0.0568
1973-08-31,-0.03,-0.0157,-0.054,-0.0314
1973-09-30,0.03,0.089,0.0865,0.0543
1973-10-31,0.01,9e-04,-0.0053,-0.0021
1973-11-30,-0.1,-0.1199,-0.1885,-0.1218
1973-12-31,0.03,0.0441,-0.0336,0.0122
1974-01-31,-0.02,0.0624,0.1174,0.0046
1974-02-28,0,0.0208,0.0033,0.001
1974-03-31,-0.03,-0.0219,0.0029,-0.0225
1974-04-30,-0.05,-0.0416,-0.0585,-0.0454
1974-05-31,-0.06,-0.0628,-0.0744,-0.0392
1974-06-30,-0.02,-0.0223,-0.0289,-0.0223
1974-07-31,-0.06,-0.0283,-0.0544,-0.0735
1974-08-31,-0.08,-0.0719,-0.0831,-0.0875
1974-09-30,-0.09,-0.0719,-0.0822,-0.1096
1974-10-31,0.18,0.08,0.0876,0.1661
1974-11-30,-0.03,-0.0444,-0.0509,-0.0397
1974-12-31,-0.01,-0.0416,-0.0745,-0.0275
1975-01-31,0.1,0.2393,0.2694,0.1424
1975-02-28,0.05,0.0261,0.0484,0.0599
1975-03-31,0.03,0.0751,0.0737,0.0307
1975-04-30,0.04,0.0571,0.0355,0.0467
1975-05-31,0.05,0.0273,0.0798,0.0563
1975-06-30,0.06,0.0722,0.071,0.0524
1975-07-31,-0.05,-0.0369,-0.0138,-0.0611
1975-08-31,-0.02,-0.0402,-0.0582,-0.0237
1975-09-30,-0.04,-0.0364,-0.0339,-0.0373
1975-10-31,0.05,0.0459,0.0176,0.0587
1975-11-30,0.02,0.0422,0.0222,0.0306
1975-12-31,-0.01,0.002,-0.0111,-0.0112
1976-01-31,0.15,0.2086,0.1931,0.1263
1976-02-29,0.02,0.0782,0.1048,0.0066
1976-03-31,0.01,0.0205,0.0144,0.0273
1976-04-30,-0.01,-0.014,-0.012,-0.0107
1976-05-31,-0.01,-0.0186,-0.0232,-0.0097
1976-06-30,0.04,0.0503,0.0256,0.0448
1976-07-31,-0.01,0.0053,0.002,-0.006
1976-08-31,-0.01,-0.0104,-0.0183,-0.0014
1976-09-30,0.03,0.0265,0.0202,0.025
1976-10-31,-0.02,-0.029,-0.0195,-0.0201
1976-11-30,0.03,0.0271,0.0335,0.0076
1976-12-31,0.08,0.0923,0.1004,0.0605
1977-01-31,-0.01,0.0104,0.0377,-0.0369
1977-02-28,-0.02,-0.0117,-0.002,-0.016
1977-03-31,-0.01,0.0038,0.0064,-0.0099
1977-04-30,0.03,0.0365,0.02,0.0053
1977-05-31,0,-0.0072,0.002,-0.0109
1977-06-30,0.06,0.0565,0.0604,0.0511
1977-07-31,-0.01,-0.0201,0.0099,-0.0127
1977-08-31,-0.02,-0.0251,-0.0037,-0.0131
1977-09-30,0.01,-0.0025,0.0142,0.0016
1977-10-31,-0.04,-0.0264,-0.0238,-0.0389
1977-11-30,0.07,0.0596,0.082,0.045
1977-12-31,0.01,0.0129,0.0253,0.0076
1978-01-31,-0.05,-0.0262,-0.0149,-0.0552
1978-02-28,0.01,-0.0037,0.0273,-0.0092
1978-03-31,0.06,0.0509,0.072,0.0338
1978-04-30,0.08,0.0698,0.0823,0.0842
1978-05-31,0.06,0.0341,0.0693,0.0227
1978-06-30,0.01,-0.0084,0.0054,-0.0115
1978-07-31,0.09,0.0588,0.0551,0.0567
1978-08-31,0.07,0.0367,0.0877,0.0431
1978-09-30,-0.03,-0.002,-0.0065,-0.0081
1978-10-31,-0.18,-0.1338,-0.2057,-0.1123
1978-11-30,0.07,0.0335,0.0559,0.0341
1978-12-31,0.03,0.0015,0.0193,0.0166
1979-01-31,0.05,0.074,0.094,0.05
1979-02-28,-0.04,-0.0264,-0.021,-0.0283
1979-03-31,0.08,0.0778,0.0873,0.0649
1979-04-30,0.01,0.0132,0.0249,0.0074
1979-05-31,-0.02,-0.0081,-0.0073,-0.0139
1979-06-30,0.06,0.0577,0.0577,0.0466
1979-07-31,0.01,0.0297,0.0249,0.0159
1979-08-31,0.07,0.0583,0.0761,0.063
1979-09-30,0.02,-0.0084,-0.0065,1e-04
1979-10-31,-0.06,-0.0898,-0.1085,-0.0723
1979-11-30,0.11,0.0468,0.0787,0.062
1979-12-31,0.05,0.0256,0.0725,0.0274
1980-01-31,0.11,0.0805,0.0932,0.0631
1980-02-29,0.04,-0.0025,-0.0103,-0.0033
1980-03-31,-0.16,-0.1396,-0.184,-0.1169
1980-04-30,0.05,0.0608,0.0619,0.0523
1980-05-31,0.06,0.0686,0.0737,0.0607
1980-06-30,0.04,0.0278,0.0444,0.0367
1980-07-31,0.07,0.0354,0.101,0.0702
1980-08-31,0.03,0.0207,0.0727,0.0244
1980-09-30,0.05,-0.007,0.0396,0.0294
1980-10-31,0.05,-0.0018,0.046,0.0201
1980-11-30,0.17,0.0454,0.0777,0.1055
1980-12-31,-0.07,-0.0088,-0.0419,-0.0321
1981-01-31,-0.07,0.0176,-0.0063,-0.04
1981-02-28,0.01,0.0153,3e-04,0.0163
1981-03-31,0.05,0.0561,0.0764,0.0477
1981-04-30,-0.01,0.0154,0.0338,-0.0102
1981-05-31,0.03,0.0293,0.0347,0.0126
1981-06-30,-0.04,0.0023,-0.0174,-0.0101
1981-07-31,-0.02,-0.0116,-0.0255,-0.003
1981-08-31,-0.07,-0.0285,-0.0812,-0.0575
1981-09-30,-0.06,-0.0197,-0.091,-0.0593
1981-10-31,0.08,0.0463,0.0796,0.0613
1981-11-30,0.04,0.0422,0.0261,0.0443
1981-12-31,-0.03,-0.0233,-0.0172,-0.0278
1982-01-31,-0.01,0.0021,-0.0219,-0.0244
1982-02-28,-0.03,-0.0174,-0.0452,-0.0494
1982-03-31,0.01,0.0185,-0.0101,-0.0089
1982-04-30,0.05,0.0284,0.0532,0.044
1982-05-31,-0.03,-0.0219,-0.0208,-0.0293
1982-06-30,0,-0.0162,-0.0286,-0.0213
1982-07-31,0,-0.0161,-0.0189,-0.0214
1982-08-31,0.11,0.1268,0.0621,0.119
1982-09-30,0.03,0.0065,0.0383,0.018
1982-10-31,0.12,0.0994,0.1428,0.1189
1982-11-30,0.07,0.0463,0.0963,0.053
1982-12-31,0.01,0.0151,0.017,0.0122
1983-01-31,0.03,0.0576,0.0886,0.0429
1983-02-28,0.05,0.0284,0.057,0.0321
1983-03-31,0.04,0.0345,0.0502,0.0345
1983-04-30,0.08,0.0719,0.0801,0.0738
1983-05-31,0.01,0.0064,0.0841,0.0121
1983-06-30,0.05,0.0102,0.0419,0.0374
1983-07-31,-0.04,-0.0081,-0.0216,-0.0333
1983-08-31,-0.03,0.0451,-0.0358,0.0026
1983-09-30,0.02,0.0122,0.007,0.0168
1983-10-31,-0.06,-0.0061,-0.0601,-0.0268
1983-11-30,0.03,0.0223,0.0342,0.0286
1983-12-31,0,-0.0056,-0.0149,-0.0105
1984-01-31,-0.03,0.0338,-0.0048,-0.0116
1984-02-29,-0.05,-0.0182,-0.0549,-0.0411
1984-03-31,0.01,0.0067,0.0081,0.0136
1984-04-30,0.01,0.0148,-0.0127,0.0029
1984-05-31,-0.05,-0.057,-0.0494,-0.0519
1984-06-30,0.02,0.0246,0.0205,0.0257
1984-07-31,-0.02,-0.0252,-0.0486,-0.0192
1984-08-31,0.1,0.1129,0.101,0.1111
1984-09-30,0.01,0.0308,-0.0041,6e-04
1984-10-31,0.01,-0.0045,-0.0177,0.0016
1984-11-30,-0.01,0.0087,-0.0278,-0.0103
1984-12-31,0.03,0.0222,0.0137,0.0248
1985-01-31,0.06,0.0596,0.1282,0.0864
1985-02-28,0.02,0.0219,0.0317,0.018
1985-03-31,0,0.0209,-0.0168,-0.0022
1985-04-30,0,0.0187,-0.0079,-0.0024
1985-05-31,0.07,0.0505,0.0332,0.0575
1985-06-30,0.03,0.0157,0.0174,0.0182
1985-07-31,-0.02,-0.012,0.0269,-0.0012
1985-08-31,0,0.0075,-0.0055,-0.0047
1985-09-30,-0.04,-0.0434,-0.0569,-0.0394
1985-10-31,0.06,0.0527,0.0289,0.0467
1985-11-30,0.07,0.0491,0.0635,0.0709
1985-12-31,0.04,0.0429,0.0418,0.0453
1986-01-31,0.02,0.0166,0.0291,0.0121
1986-02-28,0.08,0.0686,0.0708,0.0766
1986-03-31,0.07,0.0444,0.047,0.0548
1986-04-30,-0.01,-0.0293,0.0143,-0.0079
1986-05-31,0.06,0.0491,0.0371,0.0511
1986-06-30,0.03,0.0252,0.0092,0.0155
1986-07-31,-0.06,-0.0294,-0.0877,-0.0593
1986-08-31,0.05,0.0898,0.0151,0.0653
1986-09-30,-0.1,-0.0697,-0.0649,-0.0815
1986-10-31,0.06,0.0516,0.0255,0.0512
1986-11-30,0.01,0.0141,-0.0074,0.0156
1986-12-31,-0.03,-0.0282,-0.0338,-0.0278
1987-01-31,0.14,0.1082,0.1125,0.1289
1987-02-28,0.03,0.0046,0.0775,0.0482
1987-03-31,0.02,0.0268,0.0256,0.0211
1987-04-30,-0.02,-0.017,-0.021,-0.0167
1987-05-31,0.01,0.007,-0.0025,0.0049
1987-06-30,0.04,0.046,0.0178,0.0442
1987-07-31,0.06,0.0393,0.0249,0.0431
1987-08-31,0.04,0.0279,0.0233,0.0399
1987-09-30,-0.01,-0.0241,-0.02,-0.0214
1987-10-31,-0.24,-0.2033,-0.2941,-0.2264
1987-11-30,-0.08,-0.0555,-0.0511,-0.0742
1987-12-31,0.08,0.0485,0.0463,0.072
1988-01-31,0.02,0.0788,0.0585,0.045
1988-02-29,0.05,0.0383,0.0665,0.0521
1988-03-31,-0.01,-0.0074,0.0423,-0.0183
1988-04-30,0.02,0.0165,0.0179,0.0102
1988-05-31,0,0.0183,-0.0235,0.0022
1988-06-30,0.04,0.0421,0.0601,0.0528
1988-07-31,-0.01,0.0024,-0.0019,-0.0074
1988-08-31,-0.03,-0.0137,-0.0224,-0.0272
1988-09-30,0.03,0.035,0.0216,0.0392
1988-10-31,0.02,0.0268,-0.012,0.0176
1988-11-30,-0.02,-0.0067,-0.0375,-0.0172
1988-12-31,0.02,0.0105,0.0322,0.0212
1989-01-31,0.07,0.0682,0.0497,0.0665
1989-02-28,-0.01,-0.01,0.007,-0.0164
1989-03-31,0.03,0.0271,0.0225,0.0224
1989-04-30,0.06,0.0401,0.0339,0.05
1989-05-31,0.05,0.0395,0.0326,0.0414
1989-06-30,0,0.0033,-0.0161,-0.0064
1989-07-31,0.1,0.0581,0.0353,0.079
1989-08-31,0.01,0.0259,0.0244,0.0218
1989-09-30,0.01,-8e-04,0.0017,-0.0011
1989-10-31,-0.03,-0.0259,-0.0562,-0.0299
1989-11-30,0.02,0.0081,4e-04,0.0172
1989-12-31,0.02,0.0228,-0.0062,0.0177
1990-01-31,-0.08,-0.0714,-0.075,-0.0728
1990-02-28,0.01,0.0246,0.0275,0.0168
1990-03-31,0.03,0.0069,0.0334,0.0247
1990-04-30,-0.02,-0.0452,-0.0251,-0.0267
1990-05-31,0.1,0.072,0.0622,0.091
1990-06-30,0,-0.0135,0.0019,-0.0046
1990-07-31,0,-0.0201,-0.0424,-0.0122
1990-08-31,-0.09,-0.1015,-0.1319,-0.0949
1990-09-30,-0.04,-0.0666,-0.0893,-0.0552
1990-10-31,0,-0.0026,-0.0636,-0.0124
1990-11-30,0.06,0.0515,0.0442,0.0692
1990-12-31,0.03,0.0208,0.0138,0.0306
1991-01-31,0.03,0.048,0.0806,0.0521
1991-02-28,0.07,0.0774,0.1186,0.0767
1991-03-31,0.03,0.0336,0.075,0.0309
1991-04-30,0,0.0052,0.0085,0.0025
1991-05-31,0.04,0.048,0.0383,0.0411
1991-06-30,-0.04,-0.0374,-0.0435,-0.0452
1991-07-31,0.06,0.0386,0.0347,0.0473
1991-08-31,0.03,0.0237,0.032,0.0278
1991-09-30,-0.01,-0.0172,0.013,-0.0113
1991-10-31,0.03,0.018,0.0335,0.0171
1991-11-30,-0.04,-0.056,-0.0425,-0.038
1991-12-31,0.15,0.0872,0.0591,0.1121
1992-01-31,-0.01,0.0532,0.1125,-0.0025
1992-02-29,0.01,0.069,0.0351,0.0137
1992-03-31,-0.03,-0.0102,-0.0337,-0.0231
1992-04-30,-0.01,0.0304,-0.0482,0.014
1992-05-31,0.01,0.0073,0.0014,0.0058
1992-06-30,-0.03,6e-04,-0.0464,-0.0202
1992-07-31,0.04,0.0236,0.0333,0.0408
1992-08-31,-0.03,-0.0453,-0.0297,-0.0212
1992-09-30,0.02,0.0126,0.0201,0.0145
1992-10-31,0.02,0.0104,0.0283,0.0125
1992-11-30,0.05,0.0491,0.088,0.0436
1992-12-31,0.03,0.0366,0.0345,0.0181
1993-01-31,0.04,0.0559,0.0464,0.0116
1993-02-28,0.01,0.0274,-0.0321,0.0035
1993-03-31,0.04,0.0288,0.0303,0.0255
1993-04-30,-0.03,-0.0122,-0.027,-0.0281
1993-05-31,0.04,0.0113,0.0461,0.031
1993-06-30,0.03,0.031,0.0041,0.0056
1993-07-31,0.01,0.0174,0.0127,-0.001
1993-08-31,0.05,0.0335,0.0426,0.0397
1993-09-30,0.02,-0.0045,0.0293,0.0014
1993-10-31,0.01,0.0133,0.0433,0.0163
1993-11-30,-0.04,-0.016,-0.0314,-0.0164
1993-12-31,0.02,0.0243,0.0165,0.0188
1994-01-31,0.04,0.0333,0.0399,0.0312
1994-02-28,-0.02,-0.0395,-0.0077,-0.0235
1994-03-31,-0.05,-0.0401,-0.0565,-0.0451
1994-04-30,0,0.0154,-0.007,0.0095
1994-05-31,0,-0.006,-0.0094,0.0089
1994-06-30,-0.03,-0.0231,-0.0326,-0.0272
1994-07-31,0.03,0.033,0.0117,0.031
1994-08-31,0.06,0.0346,0.0439,0.0438
1994-09-30,-0.01,-0.0333,0.0114,-0.0194
1994-10-31,0.02,0.0059,0.0019,0.0172
1994-11-30,-0.04,-0.0482,-0.0369,-0.0367
1994-12-31,0.02,0.0166,-6e-04,0.013
1995-01-31,0.01,0.0147,0.0119,0.0222
1995-02-28,0.04,0.0541,0.0325,0.0403
1995-03-31,0.03,0.0223,0.0234,0.0264
1995-04-30,0.03,0.0419,0.0258,0.0255
1995-05-31,0.03,0.0456,0.0208,0.0344
1995-06-30,0.04,0.0274,0.0648,0.0319
1995-07-31,0.04,0.0382,0.0619,0.0417
1995-08-31,0.01,0.0341,0.0326,0.0102
1995-09-30,0.04,0.035,0.0217,0.0378
1995-10-31,0,-0.0312,-0.0534,-0.0105
1995-11-30,0.04,0.0517,0.0272,0.0438
1995-12-31,0.01,0.0192,0.0223,0.0152
1996-01-31,0.03,0.0263,0.0057,0.0269
1996-02-29,0.02,0.0137,0.0319,0.0172
1996-03-31,0.01,0.0205,0.0244,0.0112
1996-04-30,0.02,0.0026,0.0758,0.0252
1996-05-31,0.03,0.0274,0.0648,0.0278
1996-06-30,-0.01,-0.0079,-0.041,-0.0074
1996-07-31,-0.06,-0.0494,-0.1007,-0.0552
1996-08-31,0.03,0.0387,0.0482,0.0317
1996-09-30,0.06,0.0272,0.0345,0.0546
1996-10-31,0.02,0.0409,-0.0181,0.0128
1996-11-30,0.06,0.0655,0.0264,0.0666
1996-12-31,-0.02,-0.0066,0.0183,-0.0124
1997-01-31,0.07,0.0415,0.0431,0.0544
1997-02-28,-0.01,0.0235,-0.0281,-0.001
1997-03-31,-0.05,-0.0406,-0.053,-0.046
1997-04-30,0.07,0.0271,-0.0265,0.0447
1997-05-31,0.06,0.0681,0.1097,0.0723
1997-06-30,0.05,0.041,0.0572,0.0447
1997-07-31,0.09,0.0756,0.0466,0.0776
1997-08-31,-0.05,-0.0093,0.0411,-0.0374
1997-09-30,0.06,0.0644,0.0917,0.0579
1997-10-31,-0.04,-0.0282,-0.0377,-0.0338
1997-11-30,0.03,0.0236,-0.0185,0.0337
1997-12-31,0.03,0.0364,-0.0092,0.018
1998-01-31,0.01,2e-04,-0.0062,0.0058
1998-02-28,0.07,0.076,0.0668,0.0742
1998-03-31,0.06,0.062,0.0492,0.0515
1998-04-30,0.02,0.0119,0.0189,0.0116
1998-05-31,-0.02,0.0052,-0.0484,-0.0267
1998-06-30,0.06,0.0151,-0.0057,0.0359
1998-07-31,-0.01,-0.041,-0.0672,-0.0206
1998-08-31,-0.15,-0.1439,-0.2152,-0.1565
1998-09-30,0.06,0.0598,0.0471,0.0661
1998-10-31,0.07,0.0482,0.0265,0.0745
1998-11-30,0.06,0.0465,0.0777,0.0641
1998-12-31,0.07,0.0341,0.0375,0.0654
1999-01-31,0.03,0.0061,0.0419,0.0385
1999-02-28,-0.04,-0.0381,-0.0711,-0.0373
1999-03-31,0.03,0.0065,-0.0191,0.0388
1999-04-30,0.05,0.0738,0.0967,0.047
1999-05-31,-0.02,0.0088,0.0192,-0.0212
1999-06-30,0.05,0.0152,0.0704,0.0517
1999-07-31,-0.03,-0.034,0.0046,-0.0309
1999-08-31,-0.01,-0.0261,-0.0354,-0.0099
1999-09-30,-0.01,-0.0445,-0.008,-0.0242
1999-10-31,0.07,0.018,-0.0076,0.0652
1999-11-30,0.03,0.0177,0.1017,0.0373
1999-12-31,0.06,0.0426,0.1256,0.0816
2000-01-31,-0.04,-0.0383,0.0406,-0.0433
2000-02-29,0.03,0.0195,0.2423,0.0288
2000-03-31,0.08,0.0672,-0.0885,0.0567
2000-04-30,-0.06,-3e-04,-0.1409,-0.0594
2000-05-31,-0.04,-0.0288,-0.086,-0.0392
2000-06-30,0.04,-0.0083,0.1754,0.0504
2000-07-31,0,0.0327,-0.0173,-0.0203
2000-08-31,0.07,0.0779,0.0594,0.0753
2000-09-30,-0.03,-0.0039,-0.0354,-0.0494
2000-10-31,-0.03,0.0097,-0.0636,-0.022
2000-11-30,-0.11,-0.021,-0.0966,-0.1021
2000-12-31,0.02,0.0874,0.025,0.0169
2001-01-31,-0.04,0.0201,0.1374,0.0367
2001-02-28,-0.04,0.0109,-0.0483,-0.0967
2001-03-31,-0.04,-0.0137,-0.0306,-0.0684
2001-04-30,0.04,0.0498,0.0625,0.0833
2001-05-31,0.03,0.0501,0.0836,0.0104
2001-06-30,-0.01,0.0062,0.0488,-0.0166
2001-07-31,0,0.0054,-0.0444,-0.0183
2001-08-31,-0.03,-0.058,-0.0368,-0.0615
2001-09-30,-0.06,-0.0997,-0.1398,-0.0897
2001-10-31,0,-0.0269,0.063,0.0268
2001-11-30,0.05,0.1081,0.0765,0.0771
2001-12-31,0.03,0.0421,0.0743,0.0176
2002-01-31,0,-0.0048,0.0031,-0.013
2002-02-28,0,-0.0334,-0.0402,-0.0216
2002-03-31,0.05,0.0655,0.0865,0.0437
2002-04-30,0,-0.031,0.0165,-0.0505
2002-05-31,-0.01,-0.0225,-0.0325,-0.0124
2002-06-30,-0.04,-0.0831,-0.0259,-0.0708
2002-07-31,-0.08,-0.1379,-0.149,-0.0803
2002-08-31,0.02,0.0391,-0.0099,0.0064
2002-09-30,-0.06,-0.0917,-0.0775,-0.1021
2002-10-31,0.05,0.0457,0.0348,0.0798
2002-11-30,0.01,0.0878,0.1121,0.0608
2002-12-31,-0.02,-0.062,-0.0578,-0.0565
2003-01-31,-0.02,-0.0456,-0.0137,-0.0247
2003-02-28,-0.02,-0.0427,-0.0286,-0.0179
2003-03-31,0.02,-0.0098,0.0111,0.0119
2003-04-30,0.06,0.1107,0.1,0.0832
2003-05-31,0.05,0.0843,0.128,0.0614
2003-06-30,0.01,0.0158,0.0409,0.0152
2003-07-31,0.02,0.0217,0.0821,0.0242
2003-08-31,0.02,0.0478,0.0497,0.0241
2003-09-30,-0.02,-0.0263,0.0055,-0.0116
2003-10-31,0.09,0.0747,0.0908,0.0615
2003-11-30,0.02,0.0315,0.0411,0.0142
2003-12-31,0.01,0.0598,0.0243,0.0437
2004-01-31,0.03,0.034,0.0628,0.0222
2004-02-29,0.01,0.0205,0.0012,0.0146
2004-03-31,-0.01,-0.0036,-0.0021,-0.0123
2004-04-30,-0.05,-0.036,-0.0481,-0.0175
2004-05-31,0.02,0.0103,0.0033,0.0123
2004-06-30,0.04,0.0323,0.0416,0.0194
2004-07-31,-0.07,-0.0205,-0.0788,-0.0396
2004-08-31,-0.01,0,-0.011,0.0019
2004-09-30,0.06,0.0273,0.0493,0.0171
2004-10-31,0.01,0.0203,0.02,0.0154
2004-11-30,0.07,0.0662,0.0915,0.0469
2004-12-31,0.02,0.0372,0.045,0.0359
2005-01-31,-0.02,-0.0216,-0.0413,-0.026
2005-02-28,0.05,0.0302,0.0105,0.0205
2005-03-31,-0.01,-0.0053,-0.0342,-0.0176
2005-04-30,-0.04,-0.0321,-0.0636,-0.024
2005-05-31,0.04,0.0416,0.0611,0.0389
2005-06-30,0.03,0.0303,0.0433,0.008
2005-07-31,0.05,0.0434,0.0726,0.0416
2005-08-31,0.01,0,-0.0144,-0.0092
2005-09-30,0.03,0.0159,0.0047,0.0078
2005-10-31,-0.04,-0.0211,-0.0297,-0.0175
2005-11-30,0.04,0.0317,0.0469,0.0392
2005-12-31,0.01,0.0013,0.0038,7e-04
2006-01-31,0.06,0.0503,0.0935,0.0339
2006-02-28,-0.01,-0.0072,8e-04,4e-04
2006-03-31,0.03,0.0215,0.0495,0.0183
2006-04-30,0.01,0.0293,0.0056,0.0109
2006-05-31,-0.05,-0.0211,-0.0548,-0.0314
2006-06-30,0,0.008,-0.0053,5e-04
2006-07-31,-0.02,0.0082,-0.0376,-0.0038
2006-08-31,0,0.009,0.0307,0.0245
2006-09-30,0.02,0.0218,0.0088,0.0225
2006-10-31,0.0383,0.0449,0.0586,0.0364
2006-11-30,0.0237,0.0186,0.0248,0.0213
2006-12-31,0.0096,0.0332,0.0116,0.0127
2007-01-31,0.0229,0.0178,0.0146,0.0184
2007-02-28,-0.0228,-0.0144,-0.0054,-0.0158
2007-03-31,0.0235,0.0109,0.0085,0.0111
2007-04-30,0.0349,0.0311,0.0167,0.0393
2007-05-31,0.0388,0.0402,0.0308,0.0365
2007-06-30,-0.0154,-0.0207,-0.0058,-0.0156
2007-07-31,-0.0252,-0.0552,-0.0671,-0.0333
2007-08-31,0.0187,-0.0026,0.0076,0.0134
2007-09-30,0.0549,0.0301,0.0124,0.0354
2007-10-31,0.0415,0.0097,0.016,0.0212
2007-11-30,-0.043,-0.0536,-0.0827,-0.0449
2007-12-31,0.0193,-0.0046,-0.0055,-0.006
2008-01-31,-0.0896,-0.043,-0.0751,-0.0615
2008-02-29,-0.0095,-0.0451,-0.0353,-0.0296
2008-03-31,0.0045,-0.0091,-0.0053,-0.0076
2008-04-30,0.0552,0.0479,0.0208,0.0478
2008-05-31,0.0329,0.0194,0.0418,0.0204
2008-06-30,-0.053,-0.1067,-0.0858,-0.0827
2008-07-31,-0.0349,0.0678,0.044,-0.0062
2008-08-31,0.0042,0.0202,0.0382,0.0166
2008-09-30,-0.0942,-0.0291,-0.0801,-0.0909
2008-10-31,-0.1537,-0.2179,-0.2092,-0.1715
2008-11-30,-0.0605,-0.1531,-0.1298,-0.0783
2008-12-31,0.0074,0.0199,0.0496,0.0174
2009-01-31,-0.0776,-0.1831,-0.108,-0.0812
2009-02-28,-0.0875,-0.1616,-0.1231,-0.1009
2009-03-31,0.0695,0.1288,0.0957,0.0897
2009-04-30,0.0428,0.1765,0.1644,0.102
2009-05-31,0.0245,0.0485,0.0415,0.0521
2009-06-30,0.0189,0.0038,0.037,0.0044
2009-07-31,0.0619,0.1063,0.1046,0.0773
2009-08-31,0.017,0.096,0.0438,0.0334
2009-09-30,0.0348,0.0501,0.0717,0.0409
2009-10-31,-0.0202,-0.07,-0.0822,-0.0259
2009-11-30,0.0545,0.0397,0.0239,0.0556
2009-12-31,0.0495,0.0309,0.0885,0.0276
2010-01-31,-0.0631,-0.0403,-0.0311,-0.0336
2010-02-28,0.0602,0.0584,0.0502,0.034
2010-03-31,0.0966,0.0797,0.0827,0.0632
2010-04-30,0.0481,0.0312,0.0745,0.0201
2010-05-31,-0.0841,-0.0841,-0.0811,-0.0788
2010-06-30,-0.079,-0.0912,-0.0827,-0.0555
2010-07-31,0.087,0.0605,0.0637,0.0694
2010-08-31,-0.0473,-0.0659,-0.0848,-0.0476
2010-09-30,0.114,0.0743,0.1219,0.0955
2010-10-31,0.0403,0.0104,0.0479,0.0389
2010-11-30,0.0256,-0.0042,0.0372,0.0061
2010-12-31,0.0563,0.1,0.0904,0.0683
2011-01-31,0.0108,0.0254,-0.0061,0.02
2011-02-28,0.0425,0.0454,0.0521,0.035
2011-03-31,0.015,-0.0099,0.0293,0.0046
2011-04-30,0.0285,0.0109,0.0142,0.029
2011-05-31,-0.0185,-0.0291,-0.0295,-0.0127
2011-06-30,-0.0111,-0.0211,-0.024,-0.0175
2011-07-31,-0.0252,-0.0432,-0.0326,-0.0236
2011-08-31,-0.0719,-0.0833,-0.1035,-0.0598
2011-09-30,-0.0991,-0.0955,-0.1119,-0.0759
2011-10-31,0.1138,0.1205,0.1427,0.1135
2011-11-30,0.0038,-0.0227,-0.0102,-0.0028
2011-12-31,0.0057,0.0159,0.0047,0.0074
2012-01-31,0.0288,0.0558,0.0812,0.0505
2012-02-29,0.0442,0.0519,0.0242,0.0442
2012-03-31,0.037,0.0495,0.0299,0.0311
2012-04-30,0.0014,-0.0182,-0.0193,-0.0085
2012-05-31,-0.0439,-0.069,-0.0694,-0.0618
2012-06-30,0.0392,0.0487,0.0599,0.0389
2012-07-31,0.0138,-0.0064,-0.0201,0.0079
2012-08-31,0.0174,0.0453,0.0297,0.0256
2012-09-30,0.0269,0.0422,0.0481,0.0274
2012-10-31,-0.0265,0.0128,-0.0309,-0.0175
2012-11-30,0.0112,-0.0015,0.0063,0.0079
2012-12-31,0.0073,0.0494,0.0359,0.0119
2013-01-31,0.0448,0.0728,0.0613,0.0557
2013-02-28,0.017,0.0145,0.011,0.0129
2013-03-31,0.0469,0.0413,0.0502,0.0403
2013-04-30,0.0125,0.018,-0.0034,0.0155
2013-05-31,0.0283,0.068,0.059,0.028
2013-06-30,-0.0155,-0.0164,0.0083,-0.012
2013-07-31,0.0714,0.0648,0.0795,0.0565
2013-08-31,-0.0308,-0.043,-0.0298,-0.0271
2013-09-30,0.0543,0.0274,0.0684,0.0377
2013-10-31,0.0363,0.0387,0.0218,0.0418
2013-11-30,0.0327,0.0439,0.0501,0.0312
2013-12-31,0.0306,0.0201,0.0223,0.0281
2014-01-31,-0.0201,-0.0375,-0.017,-0.0332
2014-02-28,0.0598,0.0344,0.0479,0.0465
2014-03-31,-0.0186,0.0407,-0.0027,0.0043
2014-04-30,-0.0219,-0.01,-0.0501,-0.0019
2014-05-31,0.031,0.0111,-0.0063,0.0206
2014-06-30,0.033,0.0321,0.0576,0.0261
2014-07-31,-0.0206,-0.027,-0.0682,-0.0204
2014-08-31,0.0442,0.0439,0.044,0.0424
2014-09-30,-0.0192,-0.0243,-0.0575,-0.0197
2014-10-31,0.0254,0.0193,0.0568,0.0252
2014-11-30,0.0318,0.0027,-0.0026,0.0255
2014-12-31,-8e-04,0.0214,0.0454,-6e-04
2015-01-31,-0.0225,-0.0622,-0.0433,-0.0311
2015-02-28,0.0535,0.0539,0.0655,0.0613
2015-03-31,-0.0075,-0.0098,0.0166,-0.0112
2015-04-30,-0.0082,0.0128,-0.0231,0.0059
2015-05-31,0.0301,0.0092,0.0248,0.0136
2015-06-30,-0.0069,-0.0118,0.0229,-0.0153
2015-07-31,0.0338,-0.0062,-0.039,0.0154
2015-08-31,-0.0647,-0.0612,-0.0526,-0.0604
2015-09-30,-0.0287,-0.0417,-0.0629,-0.0308
2015-10-31,0.0714,0.0627,0.0567,0.0775
2015-11-30,0.0098,0.0182,0.0381,0.0056
2015-12-31,-0.009,-0.0389,-0.051,-0.0216
2016-01-31,-0.0584,-0.0783,-0.1046,-0.0576
2016-02-29,-0.0142,-0.0181,-4e-04,-5e-04
2016-03-31,0.0581,0.0827,0.0718,0.0698
2016-04-30,7e-04,0.0449,0.0342,0.0093
2016-05-31,0.0195,0.0059,0.0128,0.0179
2016-06-30,0.0185,-0.0217,0.0018,-3e-04
2016-07-31,0.0302,0.0396,0.0616,0.0397
2016-08-31,-0.0077,0.0372,0.0237,0.0052
2016-09-30,0.0078,-0.0012,0.0341,0.0027
2016-10-31,-0.032,0.0045,-0.0589,-0.02
2016-11-30,0.0359,0.1265,0.126,0.0487
2016-12-31,0.0119,0.0359,0.0353,0.0184
